Name,Total_Count,Dominant_Gender
James,5129096,M
John,5106590,M
Robert,4816785,M
Michael,4330805,M
Mary,4130441,F
William,4071368,M
David,3590557,M
Joseph,2580687,M
Richard,2564867,M
Charles,2376700,M
Thomas,2291517,M
Christopher,2004177,M
Daniel,1876880,M
Elizabeth,1606282,F
Patricia,1575529,F
Matthew,1558671,M
Jennifer,1467573,F
George,1464430,M
Linda,1454599,F
Barbara,1437083,F
Donald,1414511,M
Anthony,1410142,M
Paul,1386884,M
Mark,1348242,M
Edward,1286568,M
Steven,1277582,M
Kenneth,1272151,M
Andrew,1260738,M
Margaret,1243750,F
Joshua,1179654,M
Brian,1162528,M
Kevin,1158447,M
Susan,1123009,F
Dorothy,1109362,F
Ronald,1079633,M
Timothy,1064929,M
Sarah,1063944,F
Jessica,1044144,F
Jason,1019582,M
Helen,1019006,F
Nancy,1003902,F
Betty,1002470,F
Karen,986566,F
Jeffrey,973729,M
Lisa,966712,F
Ryan,921081,M
Frank,912028,M
Gary,901800,M
Nicholas,881014,M
Jacob,877522,M
Anna,876488,F
Sandra,875152,F
Eric,870230,M
Stephen,855396,M
Ashley,850258,F
Donna,832504,F
Kimberly,832360,F
Carol,824433,F
Ruth,822845,F
Jonathan,816025,M
Emily,810470,F
Michelle,807746,F
Larry,807412,M
Laura,794233,F
Amanda,783945,F
Scott,771804,M
Raymond,771354,M
Justin,766318,M
Melissa,751940,F
Brandon,744959,M
Rebecca,744166,F
Deborah,740931,F
Stephanie,737798,F
Sharon,723640,F
Samuel,720632,M
Kathleen,712282,F
Cynthia,709085,F
Gregory,706823,M
Benjamin,694911,M
Shirley,694206,F
Amy,686439,F
Patrick,668002,M
Jack,662254,M
Angela,661381,F
Catherine,655560,F
Henry,652388,M
Virginia,648542,F
Jerry,627684,M
Katherine,627197,F
Alexander,624747,M
Walter,620664,M
Dennis,618268,M
Brenda,607934,F
Emma,595546,F
Pamela,595047,F
Willie,593888,M
Frances,592216,F
Tyler,586491,M
Christine,585454,F
Nicole,581900,F
Peter,571171,M
Rachel,559201,F
Douglas,558092,M
Aaron,557843,M
Samantha,557127,F
Janet,556932,F
Carolyn,555370,F
Debra,551325,F
Harold,551319,M
Alice,551034,F
Kelly,550441,F
Jose,549587,M
Martha,549157,F
Maria,538815,F
Marie,536748,F
Adam,536164,M
Evelyn,534502,F
Arthur,526332,M
Heather,525199,F
Nathan,520141,M
Zachary,519870,M
Diane,519070,F
Terry,518241,M
Joyce,508976,F
Julie,507398,F
Carl,504555,M
Albert,488016,M
Joan,485181,F
Jean,480901,F
Kyle,479950,M
Jordan,479434,M
Rose,477271,F
Christina,475075,F
Grace,469034,F
Ann,468874,F
Victoria,465493,F
Lauren,465209,F
Doris,464738,F
Joe,460785,M
Lawrence,457099,M
Judith,452444,F
Mildred,451926,F
Kathryn,449667,F
Gerald,448685,M
Julia,447836,F
Cheryl,439974,F
Roger,439559,M
Megan,435368,F
Keith,434753,M
Jeremy,429967,M
Andrea,429394,F
Harry,421815,M
Jesse,421406,M
Lillian,421392,F
Jacqueline,418727,F
Sara,418257,F
Taylor,416096,F
Sean,414370,M
Ralph,413645,M
Teresa,413199,F
Gloria,411282,F
Christian,411017,M
Hannah,409938,F
Janice,406224,F
Roy,405337,M
Theresa,403878,F
Austin,395484,M
Louis,393972,M
Alexis,388463,F
Billy,386873,M
Judy,382568,F
Bruce,381426,M
Beverly,381053,F
Eugene,380278,M
Olivia,377034,F
Leslie,376587,F
Bryan,374790,M
Denise,372626,F
Ethan,372301,M
Marilyn,369380,F
Amber,368205,F
Jane,368121,F
Danielle,365169,F
Brittany,357551,F
Diana,355198,F
Madison,353947,F
Wayne,352633,M
Russell,352201,M
Irene,351594,F
Jamie,350262,F
Annie,348017,F
Shannon,345939,F
Howard,345916,M
Fred,344563,M
Lori,341246,F
Dylan,341057,M
Alan,340148,M
Ruby,340143,F
Philip,337851,M
Juan,337628,M
Florence,335885,F
Tiffany,335556,F
Lois,334217,F
Louise,333948,F
Kathy,333866,F
Tammy,332958,F
Robin,332662,F
Shawn,332036,M
Randy,330920,M
Natalie,329770,F
Kayla,329680,F
Crystal,329477,F
Vincent,327753,M
Bonnie,326970,F
Phyllis,323161,F
Abigail,322051,F
Bobby,321844,M
Anne,320300,F
Noah,319298,M
Erin,318888,F
Gabriel,313721,M
Francis,312147,M
Johnny,312033,M
Charlotte,312022,F
Tracy,311482,F
Victor,309757,M
Phillip,306419,M
Logan,303797,M
Clarence,303769,M
Martin,303714,M
Ernest,302004,M
Angel,301425,M
Travis,299485,M
Bradley,299392,M
Stanley,299145,M
Craig,298912,M
Dale,298378,M
Josephine,297064,F
Alyssa,296741,F
Edna,294989,F
Peggy,293311,F
Tina,291899,F
Lee,291691,M
Leonard,291083,M
Earl,290364,M
Dawn,289628,F
Sophia,287751,F
Jimmy,286717,M
Allison,284603,F
Cody,283314,M
Rita,283172,F
Danny,282227,M
Todd,281900,M
Wanda,281893,F
Ethel,280116,F
Courtney,278591,F
Norma,278376,F
Cameron,278335,M
Carlos,278221,M
Paula,277892,F
Isabella,275236,F
Jessie,274931,F
Ella,273663,F
Connie,273055,F
Ellen,272422,F
Marjorie,271893,F
Alex,269541,M
Clara,268980,F
Eleanor,268153,F
Gladys,267020,F
Carrie,266508,F
Allen,266094,M
Edith,264833,F
Audrey,263873,F
Luis,260819,M
Wendy,260766,F
Frederick,260232,M
Joel,260060,M
Marion,259549,F
Curtis,258765,M
Elaine,256481,F
Cindy,256257,F
Nathaniel,253742,M
Caleb,253220,M
Norman,252867,M
Valerie,252619,F
Eva,252465,F
Esther,250668,F
Marvin,250552,M
Evan,249753,M
Tony,249680,M
Glenn,249210,M
Vanessa,248564,F
Monica,247274,F
Morgan,246320,F
Isaac,246315,M
Rodney,245449,M
Hazel,244069,F
Dana,243517,F
Melvin,243449,M
Alfred,242145,M
Brianna,241577,F
Elijah,241239,M
Steve,240473,M
Chad,239849,M
Antonio,239612,M
Sheila,238205,F
Edwin,238135,M
Sylvia,238071,F
Jasmine,237642,F
April,236374,F
Melanie,234149,F
Katie,233801,F
Lynn,233758,F
Luke,232494,M
Sherry,230447,F
Erica,229859,F
Jeffery,229346,M
Herbert,228615,M
Mason,227887,M
Adrian,226908,M
Pauline,226489,F
Thelma,226278,F
Michele,225522,F
Derek,225160,M
Eddie,223873,M
Alexandra,223746,F
Marcus,223605,M
Alicia,222834,F
Theodore,222389,M
Ricky,220995,M
Lucille,220572,F
Jesus,219292,M
Suzanne,219090,F
Kristen,218877,F
Hunter,216896,M
Veronica,215623,F
Kim,214158,F
Anita,213995,F
Dolores,212164,F
Caroline,211595,F
Joanne,211473,F
Geraldine,210735,F
Gail,210495,F
Troy,210002,M
Lorraine,209035,F
Rhonda,208460,F
Bertha,208444,F
Jill,208303,F
Juanita,207819,F
Ian,207452,M
Ray,206420,M
Leah,205531,F
Dustin,204529,M
Mike,204410,M
Wesley,204382,M
Darlene,204162,F
Sally,203643,F
Ava,202253,F
Lucas,201968,M
Holly,199496,F
Bernard,199400,M
Leroy,199310,M
Vivian,198012,F
Randall,197826,M
Jared,197429,M
Jackson,195384,M
Calvin,193383,M
Oscar,193271,M
June,191604,F
Beatrice,189624,F
Jayden,189220,M
Jay,188756,M
Clifford,188666,M
Debbie,188008,F
Shane,187942,M
Corey,187765,M
Ronnie,187741,M
Ida,186360,F
Isaiah,185656,M
Connor,185318,M
Eileen,185220,F
Brooke,185177,F
Lucy,185064,F
Bernice,184961,F
Renee,184783,F
Stacy,184231,F
Leo,184128,M
Casey,183655,M
Julian,181363,M
Chloe,181216,F
Charlie,180617,M
Barry,180519,M
Jo,180464,F
Manuel,180393,M
Kristin,180341,F
Tommy,177554,M
Gertrude,177329,F
Regina,176167,F
Elsie,175408,F
Madeline,175171,F
Loretta,174643,F
Warren,174138,M
Mia,173788,F
Tara,173544,F
Rosa,173390,F
Jeremiah,171699,M
Roberta,171669,F
Dean,170779,M
Bessie,170733,F
Sydney,170297,F
Cathy,170287,F
Claire,169800,F
Riley,169099,M
Blake,168950,M
Jackie,168485,F
Miguel,168133,M
Laurie,167855,F
Annette,167770,F
Don,167699,M
Jon,166132,M
Cassandra,165953,F
Chris,165415,M
Jeanne,163181,F
Jeanette,163145,F
Devin,162944,M
Leon,162442,M
Lindsey,162301,F
Colleen,162165,F
Mitchell,161314,M
Bill,160871,M
Lloyd,160800,M
Stacey,160767,F
Jerome,159910,M
Alma,159764,F
Brett,159644,M
Aiden,159629,M
Minnie,159352,F
Beth,159291,F
Darrell,159118,M
Kaitlyn,158833,F
Pearl,158506,F
Alvin,158190,M
Agnes,157593,F
Molly,157559,F
Shelby,157495,F
Gavin,157451,M
Seth,157359,M
Chelsea,156837,F
Joann,156670,F
Yvonne,155586,F
Stella,155080,F
Lillie,154998,F
Floyd,154811,M
Micheal,154470,M
Rosemary,154219,F
Lydia,153589,F
Trevor,153545,M
Jim,153520,M
Vicki,153456,F
Haley,152894,F
Gordon,152885,M
Gina,152208,F
Carmen,150900,F
Lewis,149995,M
Johnnie,149953,M
Erik,149531,M
Nellie,149321,F
Owen,149039,M
Savannah,148878,F
Kelsey,148799,F
Edgar,148726,M
Chase,148053,M
Carla,147830,F
Georgia,147467,F
Dominic,147330,M
Amelia,147074,F
Vernon,147069,M
Terri,146649,F
Naomi,145586,F
Hailey,145227,F
Clyde,145134,M
Sue,144943,F
Maureen,144194,F
Arlene,141917,F
Jenna,141692,F
Mario,141494,M
Marian,141034,F
Destiny,140690,F
Derrick,140553,M
Wilma,140392,F
Heidi,140053,F
Tom,139607,M
Constance,138957,F
Max,138666,M
Brent,138584,M
Marc,138455,M
Avery,138423,F
Liam,137414,M
Myrtle,136933,F
Herman,136030,M
Vera,135951,F
Ricardo,135718,M
Maurice,135468,M
Daisy,135454,F
Melinda,134921,F
Kristina,134790,F
Jimmie,134591,M
Joy,134210,F
Lena,134010,F
Franklin,133975,M
Sabrina,133823,F
Lindsay,133666,F
Paige,133312,F
Deanna,133310,F
Marcia,133161,F
Gene,132974,M
Mabel,132785,F
Charlene,132768,F
Billie,132585,F
Landon,131092,M
Mattie,131001,F
Cory,130974,M
Viola,130959,F
Lester,130842,M
Tamara,130278,F
Elmer,129482,M
Francisco,129424,M
Gabrielle,129389,F
Marlene,129012,F
Gilbert,128869,M
Nora,128476,F
Katelyn,127970,F
Patsy,126958,F
Jennie,126902,F
Garrett,126640,M
Glen,126198,M
Claudia,125935,F
Clayton,125856,M
Alejandro,125644,M
Jorge,125142,M
Faith,124839,F
Sam,123666,M
Lily,123314,F
Erika,123080,F
Violet,122984,F
Nina,122956,F
Cole,122581,M
Cora,122036,F
Ivan,121673,M
Carter,121609,M
Mackenzie,121482,F
Chester,121217,M
Tonya,120664,F
Jeff,119948,M
Andre,119723,M
Wyatt,118665,M
Harvey,118556,M
Colin,118459,M
Delores,118023,F
Marissa,117916,F
Xavier,117238,M
Priscilla,117153,F
Milton,116925,M
Jake,116849,M
Tanya,116515,F
Aubrey,116026,F
Grant,115667,M
Gwendolyn,115665,F
Duane,115518,M
Oliver,115502,M
Levi,115376,M
Jaime,115177,M
Spencer,114996,M
Sebastian,114470,M
Cecil,113421,M
Kaylee,112844,F
Yolanda,112572,F
Isabel,112530,F
Angelina,112228,F
Maxine,111404,F
Carole,110864,F
Maggie,110740,F
Caitlin,110696,F
Vickie,110342,F
Dakota,110053,M
Reginald,109836,M
Addison,109778,F
Hayden,109618,M
Ruben,109408,M
Sadie,109287,F
Mae,109276,F
Glenda,109243,F
Bailey,109152,F
Alison,109130,F
Autumn,108747,F
Alexa,108259,F
Brandy,108119,F
Miranda,107269,F
Leona,107124,F
Bryce,106575,M
Bobbie,106364,F
Margie,106188,F
Dan,106053,M
Roberto,105974,M
Genevieve,105722,F
Dora,105496,F
Sidney,105185,M
Zoe,105172,F
Preston,104987,M
Miriam,104901,F
Aidan,104685,M
Marsha,104242,F
Tristan,104156,M
Arnold,103197,M
Peyton,102604,F
Sophie,102436,F
Lance,102285,M
Kay,101927,F
Brandi,101600,F
Mariah,101591,F
Neil,101253,M
Darren,100628,M
Gabriella,100362,F
Karl,100306,M
Toni,100280,F
Whitney,100249,F
Lonnie,100204,M
Katrina,100086,F
Christy,99879,F
Colton,99410,M
Joanna,99402,F
Sofia,99233,F
Eduardo,98947,M
Hector,98618,M
Jocelyn,98072,F
Kerry,97869,M
Hattie,97702,F
Brayden,97445,M
Kylie,97330,F
Kara,97093,F
Penny,96744,F
Clinton,96481,M
Ana,96419,F
Parker,96308,M
Roland,95944,M
Makayla,95249,F
Dianne,95230,F
Bethany,95216,F
Tracey,94915,F
Eli,94839,M
Diego,94427,M
Natasha,94417,F
Carson,94131,M
Meghan,94055,F
Sierra,93918,F
Allan,93417,M
Everett,93400,M
Alexandria,93397,F
Marguerite,93258,F
Bob,93183,M
Kendra,92392,F
Fernando,92194,M
Darryl,92053,M
Ada,91806,F
Claude,91800,M
Javier,91764,M
Felicia,90909,F
Briana,90822,F
Jenny,90551,F
Omar,90401,M
Johnathan,89867,M
Cecilia,89756,F
Guy,89615,M
Micah,89476,M
Marshall,88487,M
Devon,88435,M
Guadalupe,88069,F
Harriet,87988,F
Tanner,87972,M
Melody,87969,F
Bridget,87915,F
Angelica,87623,F
Blanche,87563,F
Brendan,87501,M
Geneva,87334,F
Velma,87029,F
Karla,86841,F
Jody,86687,F
Becky,86576,F
Andy,86338,M
Shelly,86278,F
Pedro,85918,M
Kendall,85753,F
Kurt,85105,M
Fannie,85079,F
Susie,84927,F
Misty,84487,F
Lula,84353,F
Candace,84341,F
Hope,83993,F
Jacquelyn,83898,F
Kristine,83861,F
Sherri,83711,F
Adriana,83593,F
Brady,83391,M
Lola,83122,F
Tim,83035,M
Ariana,82954,F
Brad,82864,M
Freddie,82586,M
Raul,82568,M
Ben,82144,M
Brittney,81803,F
Rachael,81683,F
Abraham,81459,M
Rick,81386,M
Wallace,81305,M
Brooklyn,81153,F
Desiree,81063,F
Isabelle,80906,F
Hugh,80807,M
Hilda,80658,F
Ross,80622,M
Jaden,80261,M
Eunice,80237,F
Jodi,80120,F
Maxwell,80087,M
Breanna,80063,F
Josiah,80030,M
Nicolas,79588,M
Jillian,79468,F
Maya,79459,F
Byron,78925,M
Sheryl,78802,F
Rosie,78775,F
Sandy,78599,F
Monique,78494,F
Tyrone,78310,M
Antoinette,78073,F
Drew,78071,M
Dwight,78058,M
Willard,78023,M
Jade,78017,F
Mamie,77946,F
Dalton,77775,M
Lynda,77774,F
Greg,77597,M
Nolan,77525,M
Ariel,77402,F
Andres,77290,M
Perry,77062,M
Ashton,77008,M
Arianna,76483,F
Kristi,76430,F
Jan,76089,F
Nelson,76010,M
Kate,75856,F
Meredith,75724,F
Dwayne,75122,M
Iris,75054,F
Madelyn,74957,F
Angelo,74918,M
Ted,74910,M
Gabriela,74906,F
Kelli,74866,F
Julius,74509,M
Janie,74307,F
Shelley,74197,F
Ramon,74170,M
Rafael,74129,M
Krystal,73729,F
Mathew,73487,M
Irma,73314,F
Beulah,73261,F
Krista,73117,F
Damian,73107,M
Collin,72619,M
Sergio,72463,M
Virgil,72375,M
Frankie,72249,M
Trinity,71947,F
Summer,71850,F
Shaun,71591,M
Rebekah,71546,F
Belinda,71480,F
Dominique,71327,F
Terrence,70883,M
Alberta,70658,F
Armando,70432,M
Morris,70397,M
Kristy,70288,F
Rene,70014,M
Aaliyah,69917,F
Bianca,69606,F
Clifton,69590,M
Verna,69204,F
Jeannette,69008,F
Opal,68994,F
Stuart,68547,M
Terrance,68351,M
Cesar,68240,M
Inez,68129,F
Kent,68076,M
Kaleb,68059,M
Payton,67958,F
Gracie,67865,F
Faye,67568,F
Cooper,67527,M
Kirk,67518,M
Flora,67495,F
Ramona,67472,F
Rosalie,67466,F
Candice,67453,F
Cheyenne,67123,F
Miles,67069,M
Dallas,67028,M
Donnie,66992,M
Della,66927,F
Marco,66891,M
Pat,66853,F
Erick,66659,M
Wade,66647,M
Daryl,66294,M
Gayle,66239,F
Luther,66143,M
Adrienne,66122,F
Emmanuel,65746,M
Nevaeh,65093,F
Sonya,64664,F
Sonia,64619,F
Felix,64588,M
Marianne,64529,F
Elena,64106,F
Jonathon,64038,M
Dave,63761,M
Harrison,63508,M
Fredrick,63410,M
Marcella,63291,F
Camille,63229,F
Skylar,63222,F
Nichole,63160,F
Yvette,62875,F
Patty,62657,F
Lynne,62299,F
Robyn,62194,F
Elias,62119,M
Layla,61980,F
Bennie,61831,M
Maryann,61822,F
Rickey,61669,M
Jada,61496,F
Olga,61451,F
Damon,61445,M
Angie,60985,F
Homer,60948,M
Dillon,60909,M
Carly,60857,F
Sheri,60490,F
Lila,60481,F
Kristopher,60415,M
Kennedy,60205,F
Dominick,59472,M
Malcolm,59031,M
Valeria,59029,F
Elise,58991,F
Kari,58955,F
Cristian,58936,M
Earnest,58807,M
Alberto,58749,M
Lorenzo,58355,M
Julio,58248,M
Myra,58098,F
Ira,58023,M
Zoey,57881,F
Otis,57865,M
Lyle,57831,M
Giovanni,57819,M
Ayden,57795,M
Loren,57668,M
Roxanne,57513,F
Gerard,57434,M
Hubert,57394,M
Tabitha,57106,F
Noel,56935,M
Wilbur,56844,M
Brody,56800,M
Kaitlin,56753,F
Joey,56557,M
Ollie,56482,F
Rex,56396,M
Karina,56322,F
Harley,56231,M
Skyler,56119,M
Laverne,56035,F
Israel,55680,M
Abby,55582,F
Dianna,55382,F
Muriel,55348,F
Jonah,55101,M
Natalia,55031,F
Enrique,54950,M
Erma,54930,F
Cassidy,54917,F
Celeste,54822,F
Salvatore,54662,M
Alisha,54496,F
Cecelia,54337,F
Simon,54204,M
Horace,54119,M
Gianna,54055,F
Neal,54046,M
Geoffrey,53914,M
Caden,53812,M
Daniela,53658,F
Kaden,53612,M
Wendell,53427,M
Vicky,53410,F
Mckenzie,53316,F
Rudolph,53260,M
Josie,53165,F
Bernadette,53059,F
Trenton,53029,M
Celia,53018,F
Alfredo,52991,M
Gage,52976,M
Mable,52940,F
Gretchen,52896,F
Mallory,52895,F
Roman,52721,M
Genesis,52702,F
Aimee,52672,F
Callie,52584,F
Kirsten,52505,F
Willis,52488,M
Estelle,52335,F
Traci,52293,F
Colby,52245,M
Donovan,52221,M
Kelley,51978,F
Arturo,51970,M
Lora,51882,F
Nadine,51757,F
Damien,51735,M
Janelle,51455,F
Tommie,51315,M
Archie,51062,M
Olive,50962,F
Leonardo,50821,M
Alana,50785,F
Kellie,50783,F
Leland,50726,M
Cristina,50638,F
Caitlyn,50600,F
Henrietta,50592,F
Alec,50566,M
Cara,50452,F
Juliana,50326,F
Kenny,50293,M
Lacey,50289,F
Edmund,50248,M
Rosemarie,50129,F
Mikayla,50052,F
Sallie,49827,F
Jordyn,49526,F
Nettie,49333,F
Gerardo,49313,M
Johanna,49309,F
Lilly,49252,F
Randolph,49214,M
Conner,49102,M
Darius,49097,M
Nick,49026,M
Grayson,48974,M
Janis,48822,F
Kelvin,48776,M
Trent,48734,M
Annabelle,48669,F
May,48527,F
Carlton,48490,M
Jaclyn,48475,F
Allyson,48445,F
Bryant,48441,M
Lana,48403,F
Alejandra,48104,F
Marisa,48078,F
Michaela,47997,F
Rudy,47992,M
Betsy,47976,F
Jace,47898,M
Shelia,47810,F
Raquel,47765,F
Forrest,47653,M
Garry,47577,M
Mya,47434,F
Allie,47384,F
Eula,47375,F
Jaxon,47245,M
Hayley,47134,F
Benny,46996,M
